,policy,effect_08,se_effect_08,ci_08_0.95,effect_placebo,se_placebo,ci_placebo_0.95
1,Stay-at-home,-0.054343249,0.726533621,2.848011793,-0.039428574,0.433170761,1.698029385
2,Childcare closure,0.121770181,0.125933694,0.493660081,-0.043068669,0.324572721,1.272325067
3,Non-essential retail closure,0.023537867,0.485640171,1.90370947,-0.04797169,0.491912896,1.928298553