,policy,effect_08,se_effect_08,ci_08_0.95,effect_placebo,se_placebo,ci_placebo_0.95
1,Restaurant closure,0.196047764,0.064070226,0.251155285,0.155896772,0.072881077,0.285693822
2,Entertainment venue closure,-0.021889858,0.192131788,0.753156608,0.066181344,0.0554446,0.217342834
4,Religious place closure,0.376692009,0.348172397,1.364835795,0.201725575,0.448000253,1.75616099