"","intervention","effect_average","se_effect_average","size"
"1","Restaurant closure",0.196047763591474,0.0640702258004353,54
"2","Entertainment venue closure",-0.0218898576798614,0.192131787811801,669
"3","Cultural venue closure",-0.137457698887278,0.0814831078555614,36
"4","Religious place closure",0.376692008587812,0.348172396783277,115
