"","intervention","effect_average","se_effect_average","size"
"1","Stay-at-home",-0.0543432488316889,0.72653362070253,67
"2","Childcare closure",0.121770180544276,0.125933694167047,965
"3","Non-essential retail closure",0.0235378665663447,0.485640170923317,327
